config,disp_kj_mol,water_counter_k,water_target_k,counter_target_k,delta_vs_epcsaft_repo_disp_kj_mol,water_counter_delta_vs_repo,water_target_delta_vs_repo,counter_target_delta_vs_repo
mixed_current,-21.953600768151,2.379990000000,-0.250000000000,0.665000000000,-4.322832477741,2.375490000000,-0.250000000000,0.000000000000
advanced_only,-17.489010816489,0.004500000000,0.000000000000,0.000000000000,0.141757473921,0.000000000000,0.000000000000,-0.665000000000
repo_unlike_override,-17.489010816489,0.004500000000,0.000000000000,0.665000000000,0.141757473921,0.000000000000,0.000000000000,0.000000000000

