ion,paper_disp_kj_mol,epcsaft_disp_kj_mol,feos_disp_kj_mol,clapeyron_mixed_disp_kj_mol,clapeyron_advanced_only_disp_kj_mol,clapeyron_repo_override_disp_kj_mol,feos_minus_epcsaft_kj_mol,clapeyron_mixed_minus_epcsaft_kj_mol,clapeyron_repo_override_minus_epcsaft_kj_mol
Li+,-52.826544940000,-46.560824539597,-46.560824547150,-45.948178664375,-45.948178664375,-45.948178664375,-0.000000007553,0.612645875222,0.612645875222
Na+,-33.725421350000,-28.733396747642,-28.733396753086,-28.306436013909,-28.184332909325,-28.184332909325,-0.000000005444,0.426960733733,0.549063838317
K+,-32.040028090000,-27.061797082130,-27.061797088692,-26.189779387651,-26.189779387651,-26.190587023980,-0.000000006562,0.872017694479,0.871210058150
F-,-21.927668540000,-17.630768290410,-17.630768292980,-21.953600768151,-17.489010816489,-17.489010816489,-0.000000002570,-4.322832477741,0.141757473921
Cl-,-36.534410110000,-30.085202504588,-30.085202510050,-29.684459941446,-29.684459941381,-29.684459941381,-0.000000005462,0.400742563142,0.400742563207
Br-,-43.275983150000,-37.275985454968,-37.275985462009,-36.612147515759,-36.612147515723,-36.612147515723,-0.000000007041,0.663837939209,0.663837939245
I-,-56.197331460000,-50.413531655979,-50.413531666409,-49.262029395238,nan,-49.262029395330,-0.000000010430,1.151502260741,1.151502260649

