ion,paper_mu,pcsaft_mu,pcsaft_dadx,resid_a_plus_z_minus_sumxj_dadx,chain_term_sum,site_term_sum,dadx_manual,manual_minus_api_dadx,paper_minus_dadx,paper_minus_mu,XA_site_1,dXA_dx_site_1,chain_site_1,self_site_1,XA_site_2,dXA_dx_site_2,chain_site_2,self_site_2
Li+,-7.692307692,-3.2812104082699287,-3.2812103053118364,-4.403512274113531e-15,-3.2812103053118364,0.0,-3.2812103053118364,1.0295809774387015e-07,-4.411097386688164,-4.411097283730071,0.042249411356645394,-0.8571075825593488,-1.640605152655918,0.0,0.042249411356645394,-0.8571075825593492,-1.6406051526559184,0.0
Na+,-7.051282051,-3.215654694176641,-3.2156545933856213,0.0,-3.2156545933856213,0.0,-3.2156545933856213,1.0079101816509397e-07,-3.835627457614379,-3.8356273568233594,0.042249411462359526,-0.8399833262296823,-1.6078272966928124,0.0,0.042249411462359526,-0.8399833262296805,-1.607827296692809,0.0
K+,-8.974358974,-5.030537016453503,-5.030536855074463,-4.403512274113531e-15,-5.030536855074463,0.0,-5.030536855074463,1.61379039321014e-07,-3.943822118925536,-3.943821957546496,0.042249411789231264,-1.314061262404946,-2.5152684275372295,0.0,0.042249411789231264,-1.3140612624049484,-2.5152684275372343,0.0
F-,-5.769230769,-0.966276692436032,-0.9662766642596468,-8.807024548227062e-15,-0.9662766642596468,0.0,-0.9662766642596468,2.8176386983144155e-08,-4.802954104740353,-4.802954076563968,0.0422494111797484,-0.2524077925445955,-0.48313833212982354,0.0,0.0422494111797484,-0.2524077925445953,-0.48313833212982316,0.0
Cl-,-7.051282051,-3.018089157831559,-3.0180890635594047,-4.403512274113531e-15,-3.0180890635594047,0.0,-3.0180890635594047,9.427215216913212e-08,-4.033192987440596,-4.033192893168441,0.04224941146235696,-0.7883758708663386,-1.509044531779702,0.0,0.04224941146235696,-0.7883758708663389,-1.5090445317797023,0.0
Br-,-8.333333333,-4.015890158277677,-4.015890030911828,0.0,-4.015890030911828,0.0,-4.015890030911828,1.2736584924785038e-07,-4.317443302088172,-4.317443174722324,0.04224941158688669,-1.0490183520826724,-2.0079450154559138,0.0,0.04224941158688669,-1.0490183520826728,-2.0079450154559146,0.0
I-,-12.17948718,-6.455383660113576,-6.45538345051864,-4.403512274113531e-15,-6.45538345051864,0.0,-6.45538345051864,2.0959493587841363e-07,-5.724103729481361,-5.724103519886425,0.042249411915608694,-1.686255287008729,-3.227691725259323,0.0,0.042249411915608694,-1.6862552870087255,-3.2276917252593162,0.0
