ion,paper_mu,pcsaft_mu,pcsaft_dadx,resid_a_plus_z_minus_sumxj_dadx,term_dI1,term_dm2es3,term_mi_c1_i2,term_mavg_dc1_i2,term_mavg_c1_di2,term_mavg_c1_i2_dm2e2s3,dadx_manual,manual_minus_api_dadx,paper_minus_dadx,paper_minus_mu
Li+,-52.82654494,-46.56082453959702,-43.670730428292025,-2.8900937641466693,3.2300163418002272,-46.20959513838947,-0.3713803236758762,1.4307639521181563,-0.5395909216535363,-1.2109443384915268,-43.670730428292025,3.4715834967953254e-07,-9.155814511707973,-6.2657204004029765
Na+,-33.72542135,-28.733396747641834,-25.843302865786605,-2.8900937612819426,3.2254982897283244,-29.077381494353077,-0.37138032561508594,1.4052769025355556,-0.5402609608189223,-0.4850552772633999,-25.843302865786605,1.2057328735000326e-07,-7.882118484213393,-4.992024602358164
K+,-32.04002809,-27.061797082130337,-24.171703404447513,-2.890093752428364,3.3535056366993117,-28.40473018916248,-0.37138033161258455,2.1273920236913044,-0.5212772187397547,-0.35521332532330724,-24.171703404447513,-7.474552558666227e-08,-7.868324685552487,-4.978231007869663
F-,-21.92766854,-17.630768290410135,-14.740674361951138,-2.890093768935185,3.0790752697666575,-17.151404042227995,-0.3713803204295166,0.5792760720153602,-0.561975792446919,-0.31426554862872563,-14.740674361951138,1.5952382638939314e-07,-7.186994178048861,-4.296900249589864
Cl-,-36.53441011,-30.085202504588025,-27.195108586605826,-2.8900937612821935,3.21194184372454,-30.276973624761776,-0.37138032561512263,1.3288023555008883,-0.5422714097136065,-0.5452274257407502,-27.195108586605826,1.5670000588917759e-07,-9.339301523394177,-6.449207605411978
Br-,-43.27598315,-37.27598545496801,-34.38589153448016,-2.890093757909922,3.2812486047844085,-37.7645862485552,-0.37138032790015074,1.7197755027197965,-0.5319930778291967,-0.7189559876998156,-34.38589153448016,1.625779241604712e-07,-8.890091615519843,-5.999997695031993
I-,-56.19733146,-50.413531655979,-47.52343780046595,-2.890093749007817,3.457204517778146,-51.80388709667177,-0.3713803339318213,2.7123782240843393,-0.5058984687435791,-1.011854642981269,-47.52343780046595,1.0650525017901228e-07,-8.673893659534052,-5.783799804021001
