ion,paper_mu,pcsaft_mu,pcsaft_dadx,resid_a_plus_z_minus_sumxj_dadx,m_i_ares_hs,m_avg_dahs_dx,minus_chain_sum,minus_log_term,dadx_manual,manual_minus_api_dadx,paper_minus_dadx,paper_minus_mu
Li+,13.46153846,24.764984939360044,24.764983811261473,8.807024548227062e-15,10.021912337756667,15.444364437937999,-0.7012929644331936,-0.0,24.764983811261473,-1.1280985910194046e-06,-11.303445351261473,-11.303446479360044
Na+,13.46153846,24.398547733585435,24.398546624407178,-1.3210536822340594e-14,10.021912303404577,15.063916065481703,-0.6872817444791038,-0.0,24.398546624407178,-1.1091782708314207e-06,-10.937008164407178,-10.937009273585435
K+,14.1025641,34.223876249423796,34.2238746261341,4.403512274113531e-15,10.021912197190469,25.27713889650131,-1.07517646755768,-0.0,34.2238746261341,-1.623289702730005e-06,-20.121310526134096,-20.121312149423794
F-,7.051282051,10.757972551210091,10.757972123516442,2.6421073644681188e-14,10.021912395234118,0.9425820060891118,-0.2065222778067873,-0.0,10.757972123516442,-4.2769363962527295e-07,-3.706690072516442,-3.706690500210091
Cl-,14.1025641,23.28746550462324,23.287464452669738,-4.403512274113531e-15,10.021912303405013,13.910608219920777,-0.6450560706560502,-0.0,23.287464452669738,-1.0519535015301732e-06,-9.184900352669738,-9.184901404623238
Br-,13.46153846,28.80519180230628,28.805190464183756,0.0,10.021912262940823,19.64159423808265,-0.8583160368397199,-0.0,28.805190464183756,-1.3381225236688308e-06,-15.343652004183756,-15.343653342306279
I-,14.1025641,41.60490519564126,41.60490317883648,2.2017561370567654e-14,10.021912156126293,32.962699903875325,-1.3797088811651377,-0.0,41.60490317883648,-2.0168047728742696e-06,-27.502339078836478,-27.502341095641256
