solvent,ion,paper_total_figure4,paper_short_sum_figure5,paper_born_figure5,paper_total_minus_born,model_total_lnfug,model_short_sum_lnfug,model_short_sum_mu,model_born_lnfug
methanol,Na+,10.4730832,2.976744188000001,15.34883721,-4.87575401,10.243388183620027,0.48407048186794555,2.4857121099118755,9.7593396823911
methanol,Cl-,15.1223491,7.441860465999998,15.72093023,-0.5985811300000012,14.915628644320236,4.9183473625062035,6.919988990631662,9.997303262455262
methanol,I-,15.56280587,8.926829268999999,10.09756098,5.465244889999999,15.515562320439699,8.00234046615423,10.004688426700506,7.5132438348948085
ethanol,Na+,15.09859155,5.267857139,9.910714286,5.187877264000001,14.92426640571523,-0.391385656678807,2.544767312176214,15.315684068362202
ethanol,Cl-,19.77464789,9.732142854,10.17857143,9.59607646,19.831024498638612,4.141927599747696,7.078080568666698,15.689128904862173
ethanol,I-,19.04225352,12.402234635,7.541899441,11.500354079,19.026281322919374,7.235508556323602,10.172378739779138,11.790804772523927
