{
  "paper_targets": {
    "ghat_feed_j_per_mol": -27361.317,
    "ghat_eq_j_per_mol": -27479.86
  },
  "feed_massfractions": {
    "water": 0.8094,
    "butanol": 0.1728,
    "NaCl": 0.0054,
    "KCl": 0.0124
  },
  "reported_phase_data": {
    "organic": {
      "water": 0.4426,
      "butanol": 0.557,
      "NaCl": 4.15e-05,
      "KCl": 0.00042
    },
    "aqueous": {
      "water": 0.9627,
      "butanol": 0.0122,
      "NaCl": 0.0076,
      "KCl": 0.0174
    }
  },
  "table5_lnf_bar": {
    "water": -3.521,
    "butanol": -5.088,
    "NaCl": -224.891,
    "KCl": -206.733
  },
  "componentwise_mass_split_beta": {
    "water": 0.29475100942126514,
    "butanol": 0.2947870778267254,
    "NaCl": 0.29106304160878477,
    "KCl": 0.2944640753828033
  },
  "formula_molefraction_fit_if_reported_values_taken_literally": {
    "beta_least_squares": 0.0516339225439056,
    "max_abs_residual": 0.013022976285569407
  },
  "molar_data_if_reported_values_are_massfractions": {
    "beta_org_mass": 0.29475100942126514,
    "beta_aq_mass": 0.7052489905787349,
    "alpha_org_molar": 0.19904812915447145,
    "alpha_aq_molar": 0.8009518708455287,
    "x_org_formula_molefrac": {
      "water": 0.7656164569196606,
      "butanol": 0.23418585047892876,
      "NaCl": 2.2128815968682008e-05,
      "KCl": 0.00017556378544184812
    },
    "x_aq_formula_molefrac": {
      "water": 0.9902153954600945,
      "butanol": 0.003050030195871535,
      "NaCl": 0.0024096974864884686,
      "KCl": 0.004324876857545501
    }
  },
  "feed_formula_unit_molefractions": {
    "water": 0.9454933308543427,
    "butanol": 0.04906192833491824,
    "NaCl": 0.0019444611011039748,
    "KCl": 0.0035002797096350758
  },
  "feed_reference_ghat_formula_basis_j_per_mol": -11749.324817522327,
  "feed_reference_ghat_mass_basis_double_count_salts_j_per_mol": -27974.794578145134,
  "general_ionic_reconstruction": {
    "description": "Use the full ionic convention with components (water, butanol, Na+, K+, Cl-) and the printed mean ionic fugacities. For the two 1:1 salts, the single-ion chloride reference cancels under electroneutrality, so the ion-basis ghat is unique.",
    "alpha_org_ion_basis": 0.19801159926126186,
    "alpha_aq_ion_basis": 0.8019884007387381,
    "x_org_ion_molefrac": {
      "water": 0.765465130126797,
      "butanol": 0.23413956281966186,
      "Na+": 2.2124442130162543e-05,
      "K+": 0.00017552908464048235,
      "Cl-": 0.00019765352677064487
    },
    "x_aq_ion_molefrac": {
      "water": 0.9835913265473145,
      "butanol": 0.0030296269479558376,
      "Na+": 0.002393577759121439,
      "K+": 0.004295945493243335,
      "Cl-": 0.006689523252364773
    },
    "ghat_eq_j_per_mol": -14535.7810607873,
    "ghat_feed_j_per_mol": -14547.97358612998,
    "ghat_delta_eq_minus_feed_j_per_mol": 12.1925253426798,
    "delta_vs_paper_eq_j_per_mol": 12944.0789392127
  },
  "reconstructions": {
    "literal_stated_formula": {
      "description": "Interpret the reported phase compositions as mass fractions, convert them to actual phase mole fractions, use the stated formula with molar phase fractions alpha^(k), and use the printed Table 5 mean ionic fugacities once per salt.",
      "ghat_eq_j_per_mol": -11743.153273887448,
      "delta_vs_paper_j_per_mol": 15736.706726112552
    },
    "mass_fraction_sum_once": {
      "description": "Use reported phase compositions directly inside the sum as if they were the x_i values in the printed formula, with one mean ionic fugacity contribution per salt.",
      "ghat_eq_j_per_mol": -18591.25614052683,
      "delta_vs_paper_j_per_mol": 8888.603859473169
    },
    "mass_fraction_sum_double_count_salts": {
      "description": "Use reported phase compositions directly in the sum and count each salt mean ionic fugacity twice to mimic a cation-plus-anion contribution.",
      "ghat_eq_j_per_mol": -27938.472046916122,
      "delta_vs_paper_j_per_mol": -458.61204691612147
    }
  },
  "closest_simple_reconstruction_key": "mass_fraction_sum_double_count_salts",
  "closest_simple_reconstruction_delta_j_per_mol": -458.61204691612147,
  "bottom_line": "The printed case-2 phase compositions behave like mass fractions, not mole fractions, and the printed ghat cannot be recovered from the printed numbers by the literal stated formula."
}