{
  "label": "Water + 1-butanol + NaCl + KCl worked example",
  "flash": {
    "method": "MichelsenTPFlash lle K0_A",
    "aqueous_phase_index": 1,
    "organic_lnfug_bar": [
      -3.4668954725074466,
      -4.714026056977549,
      -4.6810109917476606,
      -0.4308744463012504,
      0.22429346198550437
    ],
    "phase_betas": [
      0.9491354066105708,
      0.05086459338942926
    ],
    "phase_charge_residuals": [
      2.6020852139652106e-17,
      -4.822531263215524e-16
    ],
    "aqueous_lnphi": [
      -3.457223629510484,
      6.3362312038096045,
      3.9786895537238496,
      7.90861210176782,
      3.106944062196376
    ],
    "phase_molefracs": [
      [
        0.9903747788319371,
        1.5883062615783042e-5,
        0.0020209571742096743,
        0.002783711878513865,
        0.004804669052723513
      ],
      [
        0.007375635715404217,
        0.9590027065546036,
        0.0003118956353585154,
        0.016498933229637334,
        0.01681082886499633
      ]
    ],
    "success": true,
    "phase_component_moles": [
      [
        0.044910603287716455,
        7.202504944367525e-7,
        9.164450453740521e-5,
        0.00012623320233446216,
        0.0002178777068718662
      ],
      [
        1.7924051297986844e-5,
        0.002330539952141725,
        7.57959528303229e-7,
        4.0095218497904375e-5,
        4.0853178026208775e-5
      ]
    ],
    "K0": [
      0.001,
      100.0,
      1000.0,
      1000.0,
      1000.0
    ],
    "organic_phase_index": 2,
    "components": [
      "water",
      "1-butanol",
      "sodium",
      "potassium",
      "chloride"
    ],
    "organic_lnphi": [
      1.4426777092648246,
      -4.672164675142442,
      3.391830936421464,
      3.6735851066136833,
      4.310025486910459
    ],
    "phase_total_moles": [
      0.045347078951954625,
      0.002430170359492128
    ],
    "aqueous_lnfug_bar": [
      -3.466895472524734,
      -4.714026056994807,
      -2.2254944774573278,
      2.024642067989075,
      -2.2312230523393857
    ],
    "gibbs_energy": -8.350943230479471
  },
  "build_without_charge": {
    "error": "MissingException: Missing values exist ∈ single parameter \u001b[1m\u001b[31mcharge\u001b[0m: [\"1-butanol\"].",
    "success": false
  },
  "build_with_charge": {
    "success": true,
    "components": [
      "water",
      "1-butanol",
      "sodium",
      "potassium",
      "chloride"
    ]
  },
  "case_key": "worked_example_water_butanol_nacl_kcl"
}