{
  "row_count": 26,
  "paper_constants": {
    "Li": 3.2983e-09,
    "Na": 1.1476e-12
  },
  "paper_lnK": {
    "Li": -19.52985865272526,
    "Na": -27.493348310803476
  },
  "median_lnQ_at_experimental_rows": {
    "Li": 12.986988440452834,
    "Na": 10.479242476903497
  },
  "mean_lnQ_at_experimental_rows": {
    "Li": 13.177976244416916,
    "Na": 10.699383753939733
  },
  "median_lnQ_minus_lnK": {
    "Li": 32.516847093178086,
    "Na": 37.97259078770698
  },
  "package_phase_tagged_cross_phase": {
    "evaluated_rows": 26,
    "reaction_phase_scope": "phase_tagged_cross_phase",
    "native_reaction_residual_size": 2,
    "median_native_cross_phase_residual": {
      "Li": 408.03479797400666,
      "Na": 396.5589577644374
    },
    "median_abs_native_cross_phase_residual": {
      "Li": 408.03479797400666,
      "Na": 396.5589577644374
    },
    "max_phase_charge_balance_norm": 4.0000063880293087e-07,
    "max_element_balance_norm": 5.10702591327572e-15
  },
  "max_abs_charge_residual": 8.000012776017418e-07,
  "median_abs_complex_error_from_paper_K": {
    "RLi": 0.004442850658281856,
    "RNa": 0.020811015739249972
  },
  "mean_relative_complex_error_from_paper_K": {
    "RLi": 0.9999999980654698,
    "RNa": 0.9999999980656575
  },
  "effective_constants_implied_by_experimental_rows": {
    "Li_median": 436694.1923562265,
    "Na_median": 35569.45265166396,
    "Li_geomean": 528594.1660138565,
    "Na_geomean": 44328.52942986643
  },
  "status": "source_mismatch"
}
