ion,paper_total,paper_sum_hc_disp_assoc_born,paper_total_minus_born,paper_short_sum,paper_missing_to_total,model_total_lnfug,model_sum_hc_disp_assoc_born_lnfug,model_sum_hc_disp_assoc_born_mu,model_short_sum_lnfug,model_short_sum_mu,model_total_zcorr_share
Li+,-555.7163531,-595.660666172,-7.1130011000000195,-47.057314172,39.944313072,-555.025953926403,-555.0259385036528,-572.9327720749747,-7.170216437185111,-25.077050008506912,-17.90683357132187
Na+,-541.8234443,-580.387790641,11.249181399999998,-27.315164941,38.56434634100003,-541.7102197576753,-541.7102043349248,-559.6172165542569,10.356508511099037,-7.550503708233038,-17.907012219332024
K+,-445.7308249,-493.392269864,20.749621999999988,-26.911822963999995,47.661444964,-446.36864824111376,-446.36863281837543,-464.2761975346178,20.03910686708229,2.1315421508399526,-17.907564716242327
F-,-869.4645441,-900.773822358,10.663660999999934,-20.645617257999998,31.30927825799995,-869.897968595864,-869.8979531730886,-887.8044878036404,10.067462198915827,-7.839072431636082,-17.906534630551896
Cl-,-558.0318379,-594.846256561,7.3312905999999884,-29.483128061000002,36.81441866099999,-557.4366754086412,-557.4366599858892,-575.3436722052907,8.091186061605221,-9.815826157796348,-17.90701221940158
Br-,-502.4602026,-545.969007123,5.36102649999998,-38.147778023,43.50880452299998,-502.14932826693877,-502.149312844194,-520.0565355408037,5.420538885670297,-12.486683810939404,-17.907222696609693
I-,-423.7337192,-479.41391934,1.4059455999999955,-54.27425454,55.68020014000001,-422.36572134399063,-422.36570592126,-440.27348429881465,2.6437682571033676,-15.264010120451317,-17.907778377554678
