{
  "status": "accepted",
  "lane": "ascani_2022_distributed_ion_lle",
  "source_records": [
    "data/reference/multiphase/ascani_case2_model_comparison.csv",
    "analyses/paper_validation/native/2022_ascani/data/processed/source_expected_phase_compositions.csv"
  ],
  "feed": {
    "species": [
      "H2O",
      "Butanol",
      "Na+",
      "Cl-"
    ],
    "mole_fractions": [
      0.5354703554910729,
      0.3877543953556046,
      0.0383876245766612,
      0.0383876245766612
    ],
    "temperature_K": 298.15,
    "pressure_Pa": 100000.0
  },
  "expected": {
    "accepted": true,
    "solver_backend": "ipopt",
    "material_balance_abs": 1e-08,
    "charge_balance_abs": 1e-08,
    "phase_distance_min": 0.1
  },
  "solve": {
    "accepted": true,
    "runtime_ipopt": {
      "backend": "ipopt",
      "status": "enabled_available",
      "required": false,
      "compiled": true,
      "available": true,
      "adapter_available": true,
      "adapter_kind": "native_tnlp_adapter",
      "adapter_source_available": true,
      "requires_exact_gradient": true,
      "requires_exact_jacobian": true
    },
    "solver_backend": "ipopt",
    "diagnostics": {
      "accepted": true,
      "rejection_reason": "accepted",
      "derivative_backend": "analytic_cppad",
      "phase_count": 2,
      "species_count": 4,
      "material_balance_norm": 3.482351886019419e-09,
      "pressure_consistency_norm": 2.0445440895855427e-08,
      "chemical_potential_consistency_norm": 4.418521811544451e-06,
      "ln_fugacity_consistency_norm": 4.41852208199478e-06,
      "charge_balance_norm": 2.129538559381139e-11,
      "fixed_composition_norm": 0.0,
      "phase_amount_total_norm": 0.0,
      "phase_distance": 0.4632555960858328,
      "objective": -12.28070964198012,
      "constraints": [
        -2.7755575615628914e-17,
        3.0422712959943254e-16,
        3.440461068815459e-09,
        3.482351886019419e-09,
        -6.6356733441352844e-09,
        2.0445440895855427e-08,
        -2.059543161014865e-11,
        -2.129538559381139e-11
      ],
      "phase_amount_totals": [
        0.8167530392940371,
        0.18324696762877601
      ],
      "phase_volumes": [
        0.018713129069236473,
        0.004283693311682372
      ],
      "phase_compositions": [
        [
          0.5010466473508471,
          0.47264457530336473,
          0.013154388660285928,
          0.013154388685502156
        ],
        [
          0.688900804595672,
          0.009388979217531972,
          0.1508551080352923,
          0.15085510815150371
        ]
      ],
      "route_status": "accepted",
      "solver_status": "acceptable_point",
      "application_status": "solved_to_acceptable_level",
      "last_callback_exception": "eval_f: EOS phase species amount must be positive and finite.",
      "solver_backend": "ipopt",
      "problem_name": "electrolyte_lle_eos"
    }
  }
}
