{
  "Rule 1": {
    "dielc": [
      8.0,
      8.0,
      24.88
    ],
    "max_abs_eps_diff": 3.552713678800501e-15,
    "max_abs_deps_diff": 0.0,
    "max_abs_deps_salt_diff": 0.0,
    "representative_x_salt": [
      0.0,
      0.05,
      0.1,
      0.16732,
      0.2
    ],
    "representative_eps": [
      24.88,
      23.27238095238095,
      21.81090909090909,
      20.040947126751878,
      19.253333333333337
    ],
    "representative_deps_dx": [
      [
        8.0,
        8.0,
        24.88
      ],
      [
        8.0,
        8.0,
        24.88
      ],
      [
        8.0,
        8.0,
        24.88
      ],
      [
        8.0,
        8.0,
        24.88
      ],
      [
        8.0,
        8.0,
        24.88
      ]
    ],
    "representative_deps_dxsalt": [
      -33.76,
      -30.621315192743765,
      -27.900826446280988,
      -24.77550896648038,
      -23.444444444444436
    ]
  },
  "Rule 1a": {
    "dielc": [
      8.0,
      8.0,
      24.88
    ],
    "max_abs_eps_diff": 0.0,
    "max_abs_deps_diff": 0.0,
    "max_abs_deps_salt_diff": 0.0,
    "representative_x_salt": [
      0.0,
      0.05,
      0.1,
      0.16732,
      0.2
    ],
    "representative_eps": [
      24.88,
      24.035999999999994,
      23.192,
      22.0556384,
      21.504000000000005
    ],
    "representative_deps_dx": [
      [
        16.439999999999998,
        16.439999999999998,
        24.88
      ],
      [
        16.818899999999996,
        16.818899999999996,
        26.124
      ],
      [
        17.1556,
        17.1556,
        27.368
      ],
      [
        17.542273908544,
        17.542273908544,
        29.0429216
      ],
      [
        17.702400000000004,
        17.702400000000004,
        29.856
      ]
    ],
    "representative_deps_dxsalt": [
      -16.880000000000003,
      -16.880000000000003,
      -16.879999999999995,
      -16.879999999999995,
      -16.879999999999995
    ]
  },
  "Rule 4": {
    "dielc": [
      8.0,
      8.0,
      24.88
    ],
    "max_abs_eps_diff": 0.0,
    "max_abs_deps_diff": 0.001222595832416573,
    "max_abs_deps_salt_diff": 0.0024451881121194674,
    "representative_x_salt": [
      0.0,
      0.05,
      0.1,
      0.16732,
      0.2
    ],
    "representative_eps": [
      24.88,
      14.919474585950885,
      10.938449240607515,
      8.26692608084878,
      7.456543456543455
    ],
    "representative_deps_dx": [
      [
        -174.40757740416757,
        -174.40757740416757,
        1.7763568394002505e-09
      ],
      [
        -62.71547269687261,
        -62.71547269687261,
        0.0
      ],
      [
        -33.711583571793824,
        -33.711583571793824,
        0.0
      ],
      [
        -19.25554214121661,
        -19.25554214121661,
        0.0
      ],
      [
        -15.665445443513448,
        -15.665445443513448,
        0.0
      ]
    ],
    "representative_deps_dxsalt": [
      -348.81515481188785,
      -113.76956498298885,
      -55.72162573850218,
      -28.262195318373987,
      -21.757563115990898
    ]
  }
}