{
  "binary_path": "C:\\Users\\Tanner\\Documents\\git\\feos\\parameters\\epcsaft\\held2014_binary.json",
  "module_path": "C:\\ProgramData\\miniconda3\\envs\\PC-SAFT\\Lib\\site-packages\\feos\\__init__.py",
  "package": "feos",
  "parameter_path": "C:\\Users\\Tanner\\Documents\\git\\feos\\parameters\\epcsaft\\held2014_w_permittivity_added.json",
  "results": {
    "Br-": {
      "assoc": -4.0158901588420575,
      "assoc_lnfug_kj_mol": 51.13227087526564,
      "assoc_z_correction_kj_mol": 55.148161034107694,
      "born": -507.5964560083847,
      "born_lnfug_kj_mol": -507.5964560083847,
      "born_z_correction_kj_mol": -7.459118754219835e-25,
      "compressibility_factor": 0.0007291051174553122,
      "dh": -1.5334289938899698e-05,
      "dh_lnfug_kj_mol": -1.5334289939270373e-05,
      "dh_z_correction_kj_mol": -3.706762733325399e-16,
      "disp": -37.275985462008684,
      "disp_lnfug_kj_mol": 105.30607543469552,
      "disp_z_correction_kj_mol": 142.5820608967042,
      "hc": 28.805191808235662,
      "hc_lnfug_kj_mol": -151.01780646723415,
      "hc_z_correction_kj_mol": -179.8229982754698,
      "lnfug_gap_kj_mol": -1.3955059330328368e-10,
      "lnfug_sum_kj_mol": -502.17593149994764,
      "mu_gap_kj_mol": -1.3994849723530933e-10,
      "mu_sum_kj_mol": -520.0831551552897,
      "mu_total_kj_mol": -520.0831551554296,
      "reference_pressure_pa": 100023.32297000289,
      "state_pressure_pa": 100023.32297110558,
      "state_volume_m3": 1.8069988104244875e-05,
      "total_kj_mol": -502.1759315000872
    },
    "Cl-": {
      "assoc": -3.018089158249292,
      "assoc_lnfug_kj_mol": 52.12942723725762,
      "assoc_z_correction_kj_mol": 55.14751639550691,
      "born": -565.5574881948284,
      "born_lnfug_kj_mol": -565.5574881948284,
      "born_z_correction_kj_mol": -0.0,
      "compressibility_factor": 0.0007291670251508407,
      "dh": -1.5334465849505255e-05,
      "dh_lnfug_kj_mol": -1.533446585006043e-05,
      "dh_z_correction_kj_mol": -5.55177498992855e-16,
      "disp": -30.085202510050255,
      "disp_lnfug_kj_mol": 112.49519119546365,
      "disp_z_correction_kj_mol": 142.5803937055139,
      "hc": 23.287465509284505,
      "hc_lnfug_kj_mol": -156.5334314135916,
      "hc_z_correction_kj_mol": -179.8208969228761,
      "lnfug_gap_kj_mol": -2.2737367544323206e-13,
      "lnfug_sum_kj_mol": -557.4663165101646,
      "mu_gap_kj_mol": -1.1368683772161603e-13,
      "mu_sum_kj_mol": -575.3733296883092,
      "mu_total_kj_mol": -575.3733296883094,
      "reference_pressure_pa": 100031.8160520196,
      "state_pressure_pa": 100031.81605398655,
      "state_volume_m3": 1.806998807035955e-05,
      "total_kj_mol": -557.4663165101648
    },
    "F-": {
      "assoc": -0.9662766925608818,
      "assoc_lnfug_kj_mol": 54.179776969188474,
      "assoc_z_correction_kj_mol": 55.146053661749356,
      "born": -880.0115387674724,
      "born_lnfug_kj_mol": -880.0115387674724,
      "born_z_correction_kj_mol": -7.458833610506277e-25,
      "compressibility_factor": 0.0007293075179708562,
      "dh": -1.5334424569405324e-05,
      "dh_lnfug_kj_mol": -1.533442456929448e-05,
      "dh_z_correction_kj_mol": 1.1084510455109038e-16,
      "disp": -17.63076829298017,
      "disp_lnfug_kj_mol": 124.94584242946223,
      "disp_z_correction_kj_mol": 142.5766107224424,
      "hc": 10.757972553105228,
      "hc_lnfug_kj_mol": -169.05815624189475,
      "hc_z_correction_kj_mol": -179.81612879499997,
      "lnfug_gap_kj_mol": 4.547473508864641e-13,
      "lnfug_sum_kj_mol": -869.944090945141,
      "mu_gap_kj_mol": 4.547473508864641e-13,
      "mu_sum_kj_mol": -887.8506265343328,
      "mu_total_kj_mol": -887.8506265343324,
      "reference_pressure_pa": 100051.09018579125,
      "state_pressure_pa": 100051.09018722177,
      "state_volume_m3": 1.806998799346043e-05,
      "total_kj_mol": -869.9440909451406
    },
    "I-": {
      "assoc": -6.455383661042274,
      "assoc_lnfug_kj_mol": 48.69447928698362,
      "assoc_z_correction_kj_mol": 55.1498629480259,
      "born": -425.03175105392313,
      "born_lnfug_kj_mol": -425.03175105392313,
      "born_z_correction_kj_mol": 7.459349036266924e-25,
      "compressibility_factor": 0.0007289416999633705,
      "dh": -1.5334359843601117e-05,
      "dh_lnfug_kj_mol": -1.533435984349026e-05,
      "dh_z_correction_kj_mol": 1.1085486932196419e-16,
      "disp": -50.41353166640917,
      "disp_lnfug_kj_mol": 92.17293079075401,
      "disp_z_correction_kj_mol": 142.58646245716318,
      "hc": 41.60490520457737,
      "hc_lnfug_kj_mol": -138.2236408636042,
      "hc_z_correction_kj_mol": -179.82854606818157,
      "lnfug_gap_kj_mol": 5.684341886080801e-13,
      "lnfug_sum_kj_mol": -422.3879971741495,
      "mu_gap_kj_mol": 0.0,
      "mu_sum_kj_mol": -440.29577651115704,
      "mu_total_kj_mol": -440.29577651115704,
      "reference_pressure_pa": 100000.90381926298,
      "state_pressure_pa": 100000.90381494164,
      "state_volume_m3": 1.8069988193691873e-05,
      "total_kj_mol": -422.38799717414895
    },
    "K+": {
      "assoc": -5.030537017168588,
      "assoc_lnfug_kj_mol": 50.118671538468774,
      "assoc_z_correction_kj_mol": 55.149208555637365,
      "born": -466.4321864514908,
      "born_lnfug_kj_mol": -466.4321864514908,
      "born_z_correction_kj_mol": 7.459260491945959e-25,
      "compressibility_factor": 0.0007290045302587731,
      "dh": -1.5334356118179934e-05,
      "dh_lnfug_kj_mol": -1.533435611806908e-05,
      "dh_z_correction_kj_mol": 1.108536762062663e-16,
      "disp": -27.06179708869193,
      "disp_lnfug_kj_mol": 115.52297295167106,
      "disp_z_correction_kj_mol": 142.584770040363,
      "hc": 34.223876256616634,
      "hc_lnfug_kj_mol": -145.6025366640315,
      "hc_z_correction_kj_mol": -179.82641292064815,
      "lnfug_gap_kj_mol": 3.410605131648481e-13,
      "lnfug_sum_kj_mol": -446.39309395973856,
      "mu_gap_kj_mol": 0.0,
      "mu_sum_kj_mol": -464.30065963509077,
      "mu_total_kj_mol": -464.30065963509077,
      "reference_pressure_pa": 100009.52346938848,
      "state_pressure_pa": 100009.52346870303,
      "state_volume_m3": 1.8069988159302732e-05,
      "total_kj_mol": -446.3930939597382
    },
    "Li+": {
      "assoc": -3.2812104087261433,
      "assoc_lnfug_kj_mol": 51.86575883337617,
      "assoc_z_correction_kj_mol": 55.146969242102315,
      "born": -547.8844379292582,
      "born_lnfug_kj_mol": -547.8844379292582,
      "born_z_correction_kj_mol": -0.0,
      "compressibility_factor": 0.0007292195750234964,
      "dh": -1.5334394035436843e-05,
      "dh_lnfug_kj_mol": -1.5334394035931507e-05,
      "dh_z_correction_kj_mol": -4.946643747684402e-16,
      "disp": -46.56082454715032,
      "disp_lnfug_kj_mol": 96.01815408748426,
      "disp_z_correction_kj_mol": 142.57897863463458,
      "hc": 24.764984944358588,
      "hc_lnfug_kj_mol": -155.05412840216735,
      "hc_z_correction_kj_mol": -179.81911334652594,
      "lnfug_gap_kj_mol": 0.0,
      "lnfug_sum_kj_mol": -555.0546687449591,
      "mu_gap_kj_mol": 0.0,
      "mu_sum_kj_mol": -572.9615032751701,
      "mu_total_kj_mol": -572.9615032751701,
      "reference_pressure_pa": 100039.02534019947,
      "state_pressure_pa": 100039.02534228563,
      "state_volume_m3": 1.8069988041597417e-05,
      "total_kj_mol": -555.0546687449591
    },
    "Na+": {
      "assoc": -3.2156546946232534,
      "assoc_lnfug_kj_mol": 51.931861700822274,
      "assoc_z_correction_kj_mol": 55.14751639544553,
      "born": -552.0956494279352,
      "born_lnfug_kj_mol": -552.0956494279352,
      "born_z_correction_kj_mol": -0.0,
      "compressibility_factor": 0.0007291670251565368,
      "dh": -1.53342741017447e-05,
      "dh_lnfug_kj_mol": -1.533427410163385e-05,
      "dh_z_correction_kj_mol": 1.1085084726381972e-16,
      "disp": -28.733396753085916,
      "disp_lnfug_kj_mol": 113.84699695226382,
      "disp_z_correction_kj_mol": 142.58039370534974,
      "hc": 24.39854773850024,
      "hc_lnfug_kj_mol": -155.42234918416955,