molality (kg/mol),miac_m
0.000000,1.000000000
0.327061,0.306085048
0.636959,0.300245096
0.903977,0.298498403
1.244112,0.322938669
1.527811,0.341560500
1.797107,0.368722624
2.229356,0.423108557
2.782424,0.527634494
3.156739,0.632020825
3.475024,0.734473988
