molality (kg/mol),miac_m
0, 1
0.22046,	0.35541
0.30143,	0.33835
0.58477,	0.32026
1.13271,	0.34196
1.84095,	0.42552
2.26118,	0.5071
2.6931,	0.62516
3.31162,	0.8833

