molality (kg/mol),miac_m,miac
0.05,0.5569,0.5586843076
0.06,0.5368,0.53886388864
0.07,0.5199,0.52223206344
0.08,0.5052,0.50778985728
0.09,0.4958,0.49865937776
0.1,0.4816,0.4846860928
