molality (kg/mol),miac_m,miac
0.04,0.5888,0.59030921216
0.05,0.565,0.56681026
0.06,0.5457,0.54779810736
0.07,0.5296,0.53197557376
0.08,0.5157,0.51834368448
0.09,0.5037,0.50660493864
0.1,0.4931,0.4962597848
0.2,0.4282,0.4336878112
0.3,0.3955,0.403103092
0.4,0.3754,0.3850222528
0.5,0.362,0.37359848
0.6,0.3527,0.3662606096
0.7,0.3464,0.3619381184
