molality,miac,miac_m
0.05,0.5814570384,0.5796
0.06,0.5631569328,0.561
0.07,0.54764554912,0.5452
0.08,0.53442570688,0.5317
0.09,0.52279779056,0.5198
0.1,0.5125635944,0.5093
0.2,0.4528300336,0.4471
