molality,miac,miac_m
0.1015625,0.405953992,0.403329075958
0.197916667,0.405953992,0.40086995874
0.296875,0.412719892,0.40501498812
0.3984375,0.400541272,0.390569305318
0.6015625,0.399188092,0.384371299115
