assoc_scheme,m,s,e,e_assoc,vol_a,backend,success,status,message,nfev,cost,residual_norm,initial_residual_norm
2B,3.124799125587536,3.015626663057888,278.6490876994105,2488.6685998357275,0.035690647648717405,least_squares_python,True,3,`xtol` termination condition is satisfied.,18,5.487836198926045e-06,0.00331295523631879,0.035696494451958195
3B,4.602703613825159,2.599005471466085,210.7845634819098,2214.3972685475737,0.11004399206789607,least_squares_python,True,3,`xtol` termination condition is satisfied.,17,9.60983400019565e-05,0.013863501722289106,0.06741463375733028
4C,4.582950317489684,2.6434712117677845,232.30617811186238,1049.872582729289,0.18426963211671263,least_squares_python,True,3,`xtol` termination condition is satisfied.,21,1.0593008502597975e-05,0.00460282706661851,0.060557825897721455
