molality,miac_m,mole_fraction,miac
0.1015625,0.403329075958,0.0032435079225,0.405953992
0.197916667,0.40086995874,0.00630129194308,0.405953992
0.296875,0.40501498812,0.00942225171943,0.412719892
0.3984375,0.390569305318,0.0126050225697,0.400541272
0.6015625,0.384371299115,0.0189095977315,0.399188092
