molality,miac_m,mole_fraction,miac
0.05,0.5796,0.0015994377008,0.5814570384
0.06,0.561,0.00191871146907,0.5631569328
0.07,0.5452,0.00223778110454,0.54764554912
0.08,0.5317,0.00255664680291,0.53442570688
0.09,0.5198,0.00287530875966,0.52279779056
0.1,0.5093,0.00319376716999,0.5125635944
0.2,0.4471,0.00636719898888,0.4528300336
