molality,miac_m,mole_fraction,miac
0.05,0.5569,0.0015994377008,0.5586843076
0.06,0.5368,0.00191871146907,0.53886388864
0.07,0.5199,0.00223778110454,0.52223206344
0.08,0.5052,0.00255664680291,0.50778985728
0.09,0.4958,0.00287530875966,0.49865937776
0.1,0.4816,0.00319376716999,0.4846860928
