ion,paper_disp_kj_mol,pcsaft_disp_kj_mol,feos_disp_kj_mol,clapeyron_mixed_disp_kj_mol,clapeyron_advanced_only_disp_kj_mol,clapeyron_repo_override_disp_kj_mol,feos_minus_pcsaft_kj_mol,clapeyron_mixed_minus_pcsaft_kj_mol,clapeyron_repo_override_minus_pcsaft_kj_mol
Li+,-52.826544940000,-46.560824539597,-43.670730783347,-45.948178664375,-45.948178664375,-45.948178664375,2.890093756250,0.612645875222,0.612645875222
Na+,-33.725421350000,-28.733396747642,-25.843302992147,-28.306436013909,-28.184332909325,-28.184332909325,2.890093755495,0.426960733733,0.549063838317
K+,-32.040028090000,-27.061797082130,-24.171703336607,-26.189779387651,-26.189779387651,-26.190587023980,2.890093745523,0.872017694479,0.871210058150
F-,-21.927668540000,-17.630768290410,-14.740674524388,-21.953600768151,-17.489010816489,-17.489010816489,2.890093766022,-4.322832477741,0.141757473921
Cl-,-36.534410110000,-30.085202504588,-27.195108749111,-29.684459941446,-29.684459941381,-29.684459941381,2.890093755477,0.400742563142,0.400742563207
Br-,-43.275983150000,-37.275985454968,-34.385891704442,-36.612147515759,-36.612147515723,-36.612147515723,2.890093750526,0.663837939209,0.663837939245
I-,-56.197331460000,-50.413531655979,-47.523437917745,-49.262029395238,nan,-49.262029395330,2.890093738234,1.151502260741,1.151502260649
