ion,feos_hc_kj_mol,pcsaft_mu_hc_kj_mol,pcsaft_dadx_hc_kj_mol,feos_minus_pcsaft_mu_hc_kj_mol,feos_minus_pcsaft_dadx_hc_kj_mol,feos_disp_kj_mol,pcsaft_mu_disp_kj_mol,pcsaft_dadx_disp_kj_mol,feos_minus_pcsaft_mu_disp_kj_mol,feos_minus_pcsaft_dadx_disp_kj_mol
Li+,24.764984944359,24.764984940000,24.764984940000,0.000000004359,0.000000004359,-46.560824547150,-46.560824540000,-43.670730780000,-0.000000007150,-2.890093767150
Na+,24.398547738500,24.398547730000,24.398547730000,0.000000008500,0.000000008500,-28.733396753086,-28.733396750000,-25.843302990000,-0.000000003086,-2.890093763086
K+,34.223876256617,34.223876250000,34.223876250000,0.000000006617,0.000000006617,-27.061797088692,-27.061797080000,-24.171703330000,-0.000000008692,-2.890093758692
F-,10.757972553105,10.757972550000,10.757972550000,0.000000003105,0.000000003105,-17.630768292980,-17.630768290000,-14.740674520000,-0.000000002980,-2.890093772980
Cl-,23.287465509285,23.287465500000,23.287465500000,0.000000009285,0.000000009285,-30.085202510050,-30.085202500000,-27.195108740000,-0.000000010050,-2.890093770050
Br-,28.805191808236,28.805191800000,28.805191800000,0.000000008236,0.000000008236,-37.275985462009,-37.275985450000,-34.385891700000,-0.000000012009,-2.890093762009
I-,41.604905204577,41.604905200000,41.604905200000,0.000000004577,0.000000004577,-50.413531666409,-50.413531660000,-47.523437910000,-0.000000006409,-2.890093756409
