ion,feos_hc_kj_mol,pcsaft_mu_hc_kj_mol,pcsaft_dadx_hc_kj_mol,feos_minus_pcsaft_mu_hc_kj_mol,feos_minus_pcsaft_dadx_hc_kj_mol,feos_disp_kj_mol,pcsaft_mu_disp_kj_mol,pcsaft_dadx_disp_kj_mol,feos_minus_pcsaft_mu_disp_kj_mol,feos_minus_pcsaft_dadx_disp_kj_mol
Li+,62.836790319108,24.764984940000,24.764984940000,38.071805379108,38.071805379108,-43.670730783347,-46.560824540000,-43.670730780000,2.890093756653,-0.000000003347
Na+,62.470352938892,24.398547730000,24.398547730000,38.071805208892,38.071805208892,-25.843302992147,-28.733396750000,-25.843302990000,2.890093757853,-0.000000002147
K+,72.295680917908,34.223876250000,34.223876250000,38.071804667908,38.071804667908,-24.171703336607,-27.061797080000,-24.171703330000,2.890093743393,-0.000000006607
F-,48.829778219590,10.757972550000,10.757972550000,38.071805669590,38.071805669590,-14.740674524388,-17.630768290000,-14.740674520000,2.890093765612,-0.000000004388
Cl-,61.359270709679,23.287465500000,23.287465500000,38.071805209679,38.071805209679,-27.195108749111,-30.085202500000,-27.195108740000,2.890093750889,-0.000000009111
Br-,66.876996803250,28.805191800000,28.805191800000,38.071805003250,38.071805003250,-34.385891704442,-37.275985450000,-34.385891700000,2.890093745558,-0.000000004442
I-,79.676709657443,41.604905200000,41.604905200000,38.071804457443,38.071804457443,-47.523437917745,-50.413531660000,-47.523437910000,2.890093742255,-0.000000007745
