molality (kg/mol),miac_m
0.17923,0.2905
0.43412,0.2155
0.65922,0.1946
1.17149,0.1933
1.36294,0.2022
1.41362,0.2053
1.80195,0.2402
2.35881,0.3338
2.78238,0.4605
3.29787,0.7345
