molality (kg/mol),miac_m,miac
0.17923,0.2905,0.295297181999
0.43412,0.2155,0.224119586309
0.65922,0.1946,0.206419594157
1.17149,0.1933,0.21416410663
1.36294,0.2022,0.227591434816
1.41362,0.2053,0.232039358513
1.80195,0.2402,0.280079076541
2.35881,0.3338,0.406345194002
2.78238,0.4605,0.578552565975
3.29787,0.7345,0.95767969821
