molality (kg/mol),miac_m
0.005689,0.6654
0.00876,0.6051
0.0117,0.5712
0.02013,0.4996
0.02995,0.4461
0.03782,0.416
0.04955,0.3828
0.05827,0.3637
0.06589,0.3477
0.07719,0.3362
0.08981,0.3234
0.09974,0.3112
0.1105,0.3013
0.1204,0.2925
0.1352,0.2811
0.1493,0.2719
0.1648,0.2627
0.1765,0.257
