molality (kg/mol),miac_m
0.16974,0.3461
0.35659,0.2849
0.49543,0.2651
0.83622,0.2501
1.30763,0.2705
1.40716,0.2798
1.49104,0.2891
1.76563,0.3296
2.03369,0.388
2.39616,0.5092
2.8135,0.747
