source,phase,component,formula_mole_fraction,explicit_mole_fraction,phase_fraction,density_mol_m3
current_native_ipopt_source_like_nacl,aq,H2O,0.8112876979673861,0.688900804595672,0.18324696636019153,42.77779810450713
current_native_ipopt_source_like_nacl,aq,Butanol,0.011056981331478906,0.009388979217531972,0.18324696636019153,42.77779810450713
current_native_ipopt_source_like_nacl,aq,NaCl,0.17765532070113504,,0.18324696636019153,42.77779810450713
current_native_ipopt_source_like_nacl,aq,KCl,0.0,,0.18324696636019153,42.77779810450713
current_native_ipopt_source_like_nacl,org,H2O,0.5077254654626692,0.5010466473508471,0.8167530336398086,43.64598973651829
current_native_ipopt_source_like_nacl,org,Butanol,0.4789448013734937,0.47264457530336473,0.8167530336398086,43.64598973651829
current_native_ipopt_source_like_nacl,org,NaCl,0.013329733163837123,,0.8167530336398086,43.64598973651829
current_native_ipopt_source_like_nacl,org,KCl,0.0,,0.8167530336398086,43.64598973651829
