series,phase,w_water,w_butanol,w_total_salt,x_plot,y_plot
paper_case2,org,0.16175842220132733,0.8375571621675565,0.0006844156311161801,0.8378993699831145,0.0005927213232937712
paper_case2,aq,0.8676448224233521,0.04523916781729498,0.08711600975935303,0.08879717269697149,0.07544467752793281
current_ipopt,aq,0.566104473522069,0.03174402858934382,0.402151497888587,0.2328197775336373,0.3482734133414804
current_ipopt,org,0.20135642226379258,0.7814942235174266,0.017149354218780784,0.790068900626817,0.014851776411961995
current_feed,feed,0.2374202891292158,0.7073639054852932,0.05521580538549099,0.7349718081780386,0.04781829015425282
