{
  "neutralmodel_userlocations": [
    "C:\\Users\\Tanner\\Documents\\git\\Clapeyron.jl\\database\\SAFT\\ePCSAFT\\ePCSAFTAdv\\ePCSAFTAdv_like.csv",
    "C:\\Users\\Tanner\\Documents\\git\\Clapeyron.jl\\database\\SAFT\\ePCSAFT\\ePCSAFTAdv\\ePCSAFTAdv_unlike.csv",
    "C:\\Users\\Tanner\\Documents\\git\\Clapeyron.jl\\database\\SAFT\\ePCSAFT\\ePCSAFT\\ePCSAFT_like.csv",
    "C:\\Users\\Tanner\\Documents\\git\\Clapeyron.jl\\database\\SAFT\\ePCSAFT\\ePCSAFT\\ePCSAFT_unlike.csv"
  ],
  "ionmodel": "DHBorn",
  "neutralmodel": "pharmaePCSAFT",
  "RSPmodel": "LinMixRSP",
  "clapeyron_root": "C:\\Users\\Tanner\\Documents\\git\\Clapeyron.jl",
  "package": "Clapeyron.jl",
  "results": {
    "F-": {
      "lnfug_gap_kj_mol": 2.2737367544323206e-13,
      "hc_lnfug_kj_mol": -166.7556337274635,
      "disp": -21.95360076815066,
      "disp_lnfug_kj_mol": 120.62296441954575,
      "born_lnfug_kj_mol": -481.95002345121327,
      "born_z_correction_kj_mol": 0.0,
      "mu_sum_kj_mol": -492.1535606148833,
      "assoc": -1.3109706275807276,
      "assoc_lnfug_kj_mol": 53.836115263972324,
      "lnfug_sum_kj_mol": -474.24658260714745,
      "total_kj_mol": -474.2465826071472,
      "dh_lnfug_kj_mol": -5.111988773920516e-6,
      "born": -481.95002345121327,
      "dh": -5.111988773957469e-6,
      "compressibility_factor": 0.0007291773703418733,
      "hc_z_correction_kj_mol": -179.8166730715136,
      "assoc_z_correction_kj_mol": 55.147085891553054,
      "hc": 13.061039344050101,
      "mu_total_kj_mol": -492.1535606148833,
      "state_volume_m3": 1.806975897547066e-5,
      "disp_z_correction_kj_mol": 142.57656518769642,
      "dh_z_correction_kj_mol": 3.6953705166696546e-17,
      "reference_pressure_pa": 100034.50353099623
    },
    "Br-": {
      "lnfug_gap_kj_mol": 3.410605131648481e-13,
      "hc_lnfug_kj_mol": -143.75175235368215,
      "disp": -36.61214751575903,
      "disp_lnfug_kj_mol": 105.97264193696884,
      "born_lnfug_kj_mol": -328.6127855156092,
      "born_z_correction_kj_mol": 0.0,
      "mu_sum_kj_mol": -334.53346550146523,
      "assoc": -5.383814097417581,
      "assoc_lnfug_kj_mol": 49.76645186123868,
      "lnfug_sum_kj_mol": -316.62544918307253,
      "total_kj_mol": -316.6254491830722,
      "dh_lnfug_kj_mol": -5.111988750278456e-6,
      "born": -328.6127855156092,
      "dh": -5.111988750315412e-6,
      "compressibility_factor": 0.0007288720184986075,
      "hc_z_correction_kj_mol": -179.82703909299144,
      "assoc_z_correction_kj_mol": 55.150265958656256,
      "hc": 36.075286739309306,
      "mu_total_kj_mol": -334.53346550146523,
      "state_volume_m3": 1.806975914260964e-5,
      "disp_z_correction_kj_mol": 142.58478945272788,
      "dh_z_correction_kj_mol": 3.695571175644048e-17,
      "reference_pressure_pa": 99992.61194782367
    },
    "Cl-": {
      "lnfug_gap_kj_mol": 3.410605131648481e-13,
      "hc_lnfug_kj_mol": -151.0642730079624,
      "disp": -29.68445994144643,
      "disp_lnfug_kj_mol": 112.89777893239655,
      "born_lnfug_kj_mol": -354.0603424734519,
      "born_z_correction_kj_mol": 0.0,
      "mu_sum_kj_mol": -358.99279802688426,
      "assoc": -4.007541786243217,
      "assoc_lnfug_kj_mol": 51.14173794297654,
      "lnfug_sum_kj_mol": -341.08510371803,
      "total_kj_mol": -341.08510371802964,
      "dh_lnfug_kj_mol": -5.1119887576094674e-6,
      "born": -354.0603424734519,
      "dh": -5.111988757646423e-6,
      "compressibility_factor": 0.0007289667030711171,
      "hc_z_correction_kj_mol": -179.82382429420846,
      "assoc_z_correction_kj_mol": 55.14927972921976,
      "hc": 28.759551286246047,
      "mu_total_kj_mol": -358.99279802688426,
      "state_volume_m3": 1.8069759090782598e-5,
      "disp_z_correction_kj_mol": 142.58223887384298,
      "dh_z_correction_kj_mol": 3.6955080606331254e-17,
      "reference_pressure_pa": 100005.60183705018
    },
    "I-": {
      "lnfug_gap_kj_mol": -2.2737367544323206e-13,
      "hc_lnfug_kj_mol": -126.82135818347999,
      "disp": -49.26202939523771,
      "disp_lnfug_kj_mol": 93.32924933686385,
      "born_lnfug_kj_mol": -292.7080168037032,
      "born_z_correction_kj_mol": 0.0,
      "mu_sum_kj_mol": -297.68777025025986,
      "assoc": -8.731579062478001,
      "assoc_lnfug_kj_mol": 46.42119609859401,
      "lnfug_sum_kj_mol": -279.77893466371404,
      "total_kj_mol": -279.77893466371427,
      "dh_lnfug_kj_mol": -5.111988731630917e-6,
      "born": -292.7080168037032,
      "dh": -5.111988731667875e-6,
      "compressibility_factor": 0.0007286311740783939,
      "hc_z_correction_kj_mol": -179.83521830662775,
      "assoc_z_correction_kj_mol": 55.152775161072014,
      "hc": 53.013860123147765,
      "mu_total_kj_mol": -297.68777025025986,
      "state_volume_m3": 1.8069759274439545e-5,
      "disp_z_correction_kj_mol": 142.59127873210156,
      "dh_z_correction_kj_mol": 3.6957336167597044e-17,
      "reference_pressure_pa": 99959.57021541998
    },
    "K+": {
      "lnfug_gap_kj_mol": 3.410605131648481e-13,
      "hc_lnfug_kj_mol": -136.52682522188383,
      "disp": -26.18977938765054,
      "disp_lnfug_kj_mol": 116.39823421156706,
      "born_lnfug_kj_mol": -315.7527087343814,
      "born_z_correction_kj_mol": 0.0,
      "mu_sum_kj_mol": -305.4275930377975,
      "assoc": -6.789377451537365,
      "assoc_lnfug_kj_mol": 48.36213518424092,
      "lnfug_sum_kj_mol": -287.51916967244597,
      "total_kj_mol": -287.5191696724456,
      "dh_lnfug_kj_mol": -5.111988741012523e-6,
      "born": -315.7527087343814,
      "dh": -5.1119887410494795e-6,
      "compressibility_factor": 0.0007287523468874036,
      "hc_z_correction_kj_mol": -179.8311028696443,
      "assoc_z_correction_kj_mol": 55.15151263577828,
      "hc": 43.304277647760486,
      "mu_total_kj_mol": -305.4275930377975,
      "state_volume_m3": 1.8069759208115706e-5,
      "disp_z_correction_kj_mol": 142.5880135992176,
      "dh_z_correction_kj_mol": 3.695652126606347e-17,
      "reference_pressure_pa": 99976.19405710674
    },
    "Na+": {
      "lnfug_gap_kj_mol": -4.547473508864641e-13,
      "hc_lnfug_kj_mol": -149.10464391053821,
      "disp": -28.306436013909007,
      "disp_lnfug_kj_mol": 114.27580285991672,
      "born_lnfug_kj_mol": -408.2231448637361,
      "born_z_correction_kj_mol": 0.0,
      "mu_sum_kj_mol": -410.1812651736377,
      "assoc": -4.370859567652539,
      "assoc_lnfug_kj_mol": 50.77842016156337,
      "lnfug_sum_kj_mol": -392.273570864783,
      "total_kj_mol": -392.27357086478344,
      "dh_lnfug_kj_mol": -5.111988757609185e-6,
      "born": -408.2231448637361,
      "dh": -5.1119887576461406e-6,
      "compressibility_factor": 0.0007289667030711975,
      "hc_z_correction_kj_mol": -179.82382429418686,
      "assoc_z_correction_kj_mol": 55.149279729215905,
      "hc": 30.719180383648652,
      "mu_total_kj_mol": -410.18126517363777,
      "state_volume_m3": 1.806975909078459e-5,
      "disp_z_correction_kj_mol": 142.58223887382573,
      "dh_z_correction_kj_mol": 3.695507454003981e-17,
      "reference_pressure_pa": 100005.60183705018
    },
    "Li+": {
      "lnfug_gap_kj_mol": -9.094947017729282e-13,
      "hc_lnfug_kj_mol": -148.06143278125992,
      "disp": -45.94817866437546,
      "disp_lnfug_kj_mol": 96.63296290693117,
      "born_lnfug_kj_mol": -521.1359296132799,
      "born_z_correction_kj_mol": 0.0,
      "mu_sum_kj_mol": -539.888807687986,
      "assoc": -4.565702750072042,
      "assoc_lnfug_kj_mol": 50.58315268641385,
      "lnfug_sum_kj_mol": -521.9812519131835,
      "total_kj_mol": -521.9812519131845,
      "dh_lnfug_kj_mol": -5.111988760763404e-6,
      "born": -521.1359296132799,
      "dh": -5.111988760800359e-6,
      "compressibility_factor": 0.000729007441790055,
      "hc_z_correction_kj_mol": -179.82244123299012,
      "assoc_z_correction_kj_mol": 55.14885543648589,
      "hc": 31.761008451730202,
      "mu_total_kj_mol": -539.8888076879861,
      "state_volume_m3": 1.806975906848565e-5,
      "disp_z_correction_kj_mol": 142.58114157130663,