,Li+,Na+,K+,F-,Cl-,Br-,I-
hc,16.32653061,16.32653061,16.32653061,7.142857143,16.32653061,16.32653061,16.32653061
disp,-55.10204082,-34.69387755,-34.69387755,-24.48979592,-39.79591837,-45.91836735,-57.14285714
assoc,-5.102040816,-5.102040816,-8.163265306,-5.102040816,-5.102040816,-5.102040816,-10.20408163
born,-548.7719298,-552.9824561,-467.3684211,-882.3880597,-565.6140351,-508.0701754,-425.2631579
