method,born_weight,dh_weight,hc_weight,disp_weight,assoc_weight,born_rmse,dh_rmse,hc_rmse,disp_rmse,assoc_rmse,score_sum_rmse
mu_baseline,0.0,0.0,0.0,0.0,0.0,0.016215656596273716,0.8353871499188918,0.34582291080773814,0.16954559248852458,0.3639309260215323,1.7309022358329607
add_z_to_dh,0.0,1.0,0.0,0.0,0.0,0.016215656596273716,0.7486451876776331,0.34582291080773814,0.16954559248852458,0.3639309260215323,1.6441602735917018
add_z_to_hc,0.0,0.0,1.0,0.0,0.0,0.016215656596273716,0.8353871499188918,0.2527377590271231,0.16954559248852458,0.3639309260215323,1.6378170840523456
add_z_to_disp,0.0,0.0,0.0,1.0,0.0,0.016215656596273716,0.8353871499188918,0.34582291080773814,0.26754072518005273,0.3639309260215323,1.8288973685244887
add_z_to_assoc,0.0,0.0,0.0,0.0,1.0,0.016215656596273716,0.8353871499188918,0.34582291080773814,0.16954559248852458,0.26185257134358875,1.628823881155017
equal_split_nonborn,0.0,0.25,0.25,0.25,0.25,0.016215656596273716,0.8136443682666887,0.3225478617870512,0.19403417610023851,0.33839640434774776,1.684838467098
best_grid_sum1,0.0,0.0,0.0,0.0,1.0,0.016215656596273716,0.8353871499188918,0.34582291080773814,0.16954559248852458,0.26185257134358875,1.628823881155017
