contribution,best_scalar_z_weight,baseline_rmse,best_rmse
born,-0.07715232060572096,0.016215656596273716,0.01417275322859109
dh,9.064710790657852,0.8353871499188918,0.19687760705853394
hc,3.710330003223332,0.34582291080773814,0.011416111201978295
disp,-1.725251182769465,0.16954559248852458,0.009974279253282337
assoc,3.549436731492334,0.3639309260215323,0.02214413598265298
