molality,miac,miac_m
0.397350993,0.18956044,0.182865667372
0.606622517,0.20467033,0.193836466372
1.00397351,0.21978022,0.201171438785
1.255629139,0.225274725,0.201915405106
1.504635762,0.233516484,0.2050852816
