phase,phase_fraction,g_hat_phase_j_per_mol,density_mol_m3
aq,0.18324696636019153,-140717.08260004694,42.77779810450713
org,0.8167530336398086,-5702.30344289656,43.64598973651829
