molality,miac_m,mole_fraction,miac
0.17923,0.2905,0.0081891517171,0.295297181999
0.43412,0.2155,0.0196069205681,0.224119586309
0.65922,0.1946,0.0294738569612,0.206419594157
1.17149,0.1933,0.0512047718825,0.21416410663
1.36294,0.2022,0.0590785035689,0.227591434816
1.41362,0.2053,0.0611409835241,0.232039358513
1.80195,0.2402,0.0766493951788,0.280079076541
2.35881,0.3338,0.0980148146468,0.406345194002
2.78238,0.4605,0.113615585814,0.578552565975
3.29787,0.7345,0.131888887715,0.95767969821
