molality,miac_m,mole_fraction,miac
0.000293686,0.936062825026,1.35293436024e-05,0.936088154
0.0010279,0.848955411324,4.73510549714e-05,0.849035813
0.002496329,0.761808253754,0.000114987660689,0.761983471
0.005726872,0.671271147055,0.000263755953739,0.671625344
0.01071953,0.593903786184,0.000493583562998,0.594490358
0.01938326,0.530732607736,0.000892151376873,0.531680441
0.030837004,0.479629014906,0.00141858386131,0.480991736
0.046108664,0.431774521176,0.00211963155185,0.433608815
0.070337739,0.397971852521,0.00322985320567,0.400550964
