molality,miac_m,mole_fraction,miac
0.397350993,0.182865667372,0.0179761098783,0.18956044
0.606622517,0.193836466372,0.0271861451957,0.20467033
1.00397351,0.201171438785,0.044206456553,0.21978022
1.255629139,0.201915405106,0.0546813192718,0.225274725
1.504635762,0.2050852816,0.0648223619466,0.233516484
