series,pcsaft_min,pcsaft_max,feos_min,feos_max,mean_signed_delta_feos_minus_pcsaft,mean_abs_delta,max_abs_delta,rmse,mean_abs_percent_delta_vs_pcsaft
total,-1.6154791997894762,0.07050262179011213,-1.6155068848936338,0.0704777352483319,-2.65929681938843e-05,2.65929681938843e-05,2.775823354284057e-05,2.660979027850521e-05,0.10075993543539938
hc,-5.453415496958769e-13,0.1564863339487399,0.0,0.15648664037063664,1.6519517884766544e-07,1.6519517884766544e-07,3.064218967452348e-07,1.8722565392879396e-07,0.045582362680694176
disp,-2.2364332608049153e-12,0.4035637608022675,0.0,0.4035636017844464,-8.807705709628841e-08,8.80770608205736e-08,1.5901782113303398e-07,9.915169527414915e-08,0.08330951029045086
assoc,-2.3936408410918375e-13,0.04228262876870348,0.0,0.04228261369679459,-8.49088231300571e-09,8.490882711613677e-09,1.5071908887609453e-08,9.527983918605733e-09,0.01997183358286016
dh,-4.71465109523907,2.124993967003201e-05,-4.714687073762455,0.0,-3.2473975818530234e-05,3.2473975818530234e-05,3.5978523385438166e-05,3.2579977990017286e-05,0.0842829102484687
born,-2.2453150450019166e-11,3.946019299487432,0.0,3.946030235327896,5.799503134743059e-06,5.799503134743059e-06,1.0935840464298963e-05,6.601535506003658e-06,0.0835408551316161
feos_bookkeeping,,,,,,0.12788183895655764,0.23680171783101311,0.14493009853245886,
